vol. I,age 0-85+,,,,age 0-4,,,,age 5-9,,,,age 10-14,,,,age 15-19,,,,age 20-24,,,,age 25-29,,,,age 30-34,,,,age 35-39,,,,age 40-44,,,,age 45-49,,,,age 50-54,,,,age 55-59,,,,age 60-64,,,,age 65-69,,,,age 70-74,,,,age 75-79,,,,age 80-84,,,,age 85+,,,,
Continent,Cases,Crude Rate,ASR (W),Cumulative Rate,Cases,Crude Rate,ASR (W),Cumulative Rate,Cases,Crude Rate,ASR (W),Cumulative Rate,Cases,Crude Rate,ASR (W),Cumulative Rate,Cases,Crude Rate,ASR (W),Cumulative Rate,Cases,Crude Rate,ASR (W),Cumulative Rate,Cases,Crude Rate,ASR (W),Cumulative Rate,Cases,Crude Rate,ASR (W),Cumulative Rate,Cases,Crude Rate,ASR (W),Cumulative Rate,Cases,Crude Rate,ASR (W),Cumulative Rate,Cases,Crude Rate,ASR (W),Cumulative Rate,Cases,Crude Rate,ASR (W),Cumulative Rate,Cases,Crude Rate,ASR (W),Cumulative Rate,Cases,Crude Rate,ASR (W),Cumulative Rate,Cases,Crude Rate,ASR (W),Cumulative Rate,Cases,Crude Rate,ASR (W),Cumulative Rate,Cases,Crude Rate,ASR (W),Cumulative Rate,Cases,Crude Rate,ASR (W),Cumulative Rate,Cases,Crude Rate,ASR (W),Cumulative Rate,
Africa,4,0.5,1.1,0,0,0,0,0,0,0,0,0,0,0,0,0,0,0,0,0,0,0,0,0,0,0,0,0,0,0,0,0,0,0,0,0,1,1.5,1.5,0.01,1,2,2,0.01,0,0,0,0,0,0,0,0,1,8.1,8.1,0.04,0,0,0,0,1,29.8,29.8,0.15,0,0,0,0,0,0,0,0,0,0,0,0,
South America,47,1.3,2.2,0,0,0,0,0,0,0,0,0,0,0,0,0,0,0,0,0,1,0.5,0.5,0,3,0.9,0.9,0,1,0.1,0.1,0,3,1.1,1.1,0,4,0.7,0.7,0,5,2.5,2.5,0.01,5,4.1,4.1,0.02,7,7.3,7.3,0.04,4,12.5,12.5,0.06,3,3,3,0.01,2,3.5,3.5,0.01,4,21.5,21.5,0.11,4,7.1,7.1,0.04,1,9,9,0,
North America,140,3.2,2.9,0,0,0,0,0,0,0,0,0,0,0,0,0,0,0,0,0,0,0,0,0,1,0.1,0.1,0,4,0.7,0.7,0,3,0.3,0.3,0,0,0,0,0,4,1.3,1.3,0,17,6.2,6.2,0.03,12,6.4,6.4,0.03,19,7.3,7.3,0.03,30,32.9,32.9,0.16,23,19.1,19.1,0.09,17,34.1,34.1,0.17,7,23.9,23.9,0.11,3,9.7,9.7,0,
Asia,65,1.6,1.8,0,0,0,0,0,0,0,0,0,0,0,0,0,0,0,0,0,1,0.3,0.3,0,0,0,0,0,0,0,0,0,2,1.4,1.4,0,3,1.2,1.2,0.01,10,3.8,3.8,0.01,3,1.2,1.2,0.01,9,6.9,6.9,0.04,8,6.8,6.9,0.03,12,12.5,12.7,0.06,9,16,16.2,0.08,4,11.6,11.8,0.06,3,16.3,16.6,0.08,0,0,0,0,
Europe,384,5.4,4.1,0,0,0,0,0,1,0.3,0.3,0,1,0.1,0.1,0,0,0,0,0,0,0,0,0,1,0.2,0.2,0,1,0.2,0.2,0,8,1.4,1.4,0,11,2.7,2.7,0.01,23,5.2,5.2,0.02,32,7.2,7.2,0.01,42,9.9,9.9,0.05,49,13.2,13.2,0.07,74,33.8,33.8,0.16,49,22.8,22.8,0.11,44,34.7,34.7,0.17,38,43.2,43.2,0.22,10,30.3,30.3,0,
Oceania ,16,0.4,0.4,0,0,0,0,0,0,0,0,0,0,0,0,0,0,0,0,0,0,0,0,0,0,0,0,0,1,0.4,0.4,0,0,0,0,0,0,0,0,0,0,0,0,0,1,0.5,0.5,0,3,1.9,1.9,0.01,0,0,0,0,5,5.3,5.3,0.03,1,1.3,1.3,0.01,4,7.1,7.1,0.04,0,0,0,0,1,7,7,0,
,,,,,,,,,,,,,,,,,,,,,,,,,,,,,,,,,,,,,,,,,,,,,,,,,,,,,,,,,,,,,,,,,,,,,,,,,,,,,
,,,,,,,,,,,,,,,,,,,,,,,,,,,,,,,,,,,,,,,,,,,,,,,,,,,,,,,,,,,,,,,,,,,,,,,,,,,,,
vol. II,age 0-85+,,,,age 0-4,,,,age 5-9,,,,age 10-14,,,,age 15-19,,,,age 20-24,,,,age 25-29,,,,age 30-34,,,,age 35-39,,,,age 40-44,,,,age 45-49,,,,age 50-54,,,,age 55-59,,,,age 60-64,,,,age 65-69,,,,age 70-74,,,,age 75-79,,,,age 80-84,,,,age 85+,,,,
Continent,Cases,Crude Rate,ASR (W),Cumulative Rate,Cases,Crude Rate,ASR (W),Cumulative Rate,Cases,Crude Rate,ASR (W),Cumulative Rate,Cases,Crude Rate,ASR (W),Cumulative Rate,Cases,Crude Rate,ASR (W),Cumulative Rate,Cases,Crude Rate,ASR (W),Cumulative Rate,Cases,Crude Rate,ASR (W),Cumulative Rate,Cases,Crude Rate,ASR (W),Cumulative Rate,Cases,Crude Rate,ASR (W),Cumulative Rate,Cases,Crude Rate,ASR (W),Cumulative Rate,Cases,Crude Rate,ASR (W),Cumulative Rate,Cases,Crude Rate,ASR (W),Cumulative Rate,Cases,Crude Rate,ASR (W),Cumulative Rate,Cases,Crude Rate,ASR (W),Cumulative Rate,Cases,Crude Rate,ASR (W),Cumulative Rate,Cases,Crude Rate,ASR (W),Cumulative Rate,Cases,Crude Rate,ASR (W),Cumulative Rate,Cases,Crude Rate,ASR (W),Cumulative Rate,Cases,Crude Rate,ASR (W),Cumulative Rate,https://ci5.iarc.fr/CI5I-X/Pages/table2_sel.aspx
Africa,3,0.7,2,0,0,0,0,0,0,0,0,0,0,0,0,0,0,0,0,0,0,0,0,0,0,0,0,0,0,0,0,0,0,0,0,0,1,2.5,2.5,0.01,0,0,0,0,0,0,0,0,0,0,0,0,1,19.4,19.4,0.1,1,33.8,33.8,0.17,1,33.8,33.8,0.17,0,0,0,0,0,0,0,0,0,0,0,0,
South America,14,0.4,0.6,0,0,0,0,0,0,0,0,0,0,0,0,0,0,0,0,0,0,0,0,0,0,0,0,0,0,0,0,0,0,0,0,0,1,0.5,0.5,0,1,0.6,0.6,0,0,0,0,0,0,0,0,0,2,5.1,5.1,0.03,2,2.6,2.6,0.01,3,4.8,4.8,0.02,5,0,0,0,0,0,0,0,0,0,0,0,
North America,119,4.2,4.6,0,0,0,0,0,0,0,0,0,0,0,0,0,0,0,0,0,1,1,1,0.01,0,0,0,0,5,2.2,2.2,0,3,1.4,1.4,0,4,3.4,3.4,0.01,9,4.7,4.7,0.01,19,9.7,9.8,0.04,16,10.8,10.9,0.07,13,18.6,18.7,0.11,23,30.6,30.7,0.16,10,21.9,21.9,0.11,7,8.3,8.4,0.04,6,113.8,113.8,0.57,2,8.6,8.7,0,
Asia,93,2.5,3.1,0,0,0,0,0,0,0,0,0,0,0,0,0,0,0,0,0,0,0,0,0,1,0.2,0.2,0,0,0,0,0,2,3.2,3.2,0.02,4,1.5,1.5,0,11,9,9,0.04,6,4.3,4.3,0.01,9,7,7.1,0.03,16,9.6,9.7,0.04,17,15.4,15.6,0.07,15,27.8,27.9,0.14,11,6.4,6.4,0.03,0,0,0,0,0,0,0,0,
Europe,616,9.3,7.6,0,0,0,0,0,0,0,0,0,1,0.1,0.1,0,0,0,0,0,0,0,0,0,4,0.4,0.4,0,4,1.1,1.1,0,13,3.9,3.9,0.01,17,4.5,4.5,0.01,25,7.3,7.3,0.02,71,16.1,16.1,0.06,72,22.7,22.7,0.13,97,36.3,36.3,0.18,87,25.3,25.3,0.13,99,42.1,42.1,0.2,74,24.7,24.7,0.13,38,45.6,45.6,0.24,14,38,38,0,
Oceania,15,0.2,0.2,0,0,0,0,0,0,0,0,0,1,0.1,0.1,0,0,0,0,0,0,0,0,0,5,0.7,0.7,0,7,2.1,2.1,0,23,7.5,7.5,0.02,27,7.9,7.9,0.02,40,12,12,0.03,119,27.2,27.2,0.11,118,40.6,40.6,0.24,156,58.1,58.1,0.29,131,43.9,43.9,0.23,156,76.8,76.8,0.37,119,38.8,38.8,0.2,51,86.3,86.3,0.45,21,64.3,64.3,0,
,,,,,,,,,,,,,,,,,,,,,,,,,,,,,,,,,,,,,,,,,,,,,,,,,,,,,,,,,,,,,,,,,,,,,,,,,,,,,
,,,,,,,,,,,,,,,,,,,,,,,,,,,,,,,,,,,,,,,,,,,,,,,,,,,,,,,,,,,,,,,,,,,,,,,,,,,,,
vol. III,age 0-85+,,,,age 0-4,,,,age 5-9,,,,age 10-14,,,,age 15-19,,,,age 20-24,,,,age 25-29,,,,age 30-34,,,,age 35-39,,,,age 40-44,,,,age 45-49,,,,age 50-54,,,,age 55-59,,,,age 60-64,,,,age 65-69,,,,age 70-74,,,,age 75-79,,,,age 80-84,,,,age 85+,,,,
Continent,Cases,Crude Rate,ASR (W),Cumulative Rate,Cases,Crude Rate,ASR (W),Cumulative Rate,Cases,Crude Rate,ASR (W),Cumulative Rate,Cases,Crude Rate,ASR (W),Cumulative Rate,Cases,Crude Rate,ASR (W),Cumulative Rate,Cases,Crude Rate,ASR (W),Cumulative Rate,Cases,Crude Rate,ASR (W),Cumulative Rate,Cases,Crude Rate,ASR (W),Cumulative Rate,Cases,Crude Rate,ASR (W),Cumulative Rate,Cases,Crude Rate,ASR (W),Cumulative Rate,Cases,Crude Rate,ASR (W),Cumulative Rate,Cases,Crude Rate,ASR (W),Cumulative Rate,Cases,Crude Rate,ASR (W),Cumulative Rate,Cases,Crude Rate,ASR (W),Cumulative Rate,Cases,Crude Rate,ASR (W),Cumulative Rate,Cases,Crude Rate,ASR (W),Cumulative Rate,Cases,Crude Rate,ASR (W),Cumulative Rate,Cases,Crude Rate,ASR (W),Cumulative Rate,Cases,Crude Rate,ASR (W),Cumulative Rate,https://ci5.iarc.fr/CI5I-X/Pages/table2_sel.aspx
Africa,2,0.2,0.5,0,0,0,0,0,0,0,0,0,0,0,0,0,0,0,0,0,0,0,0,0,0,0,0,0,0,0,0,0,0,0,0,0,0,0,0,0,0,0,0,0,0,0,0,0,1,9.2,9.2,0.05,0,0,0,0,0,0,0,0,0,0,0,0,0,0,0,0,1,20.5,20.5,0.1,0,0,0,0,
South America,88,1.6,2.4,0,0,0,0,0,0,0,0,0,0,0,0,0,0,0,0,0,1,0.3,0.3,0,0,0,0,0,1,0.1,0.1,0,4,1.2,1.2,0,2,2.2,2.2,0.01,7,2.8,2.8,0.02,3,1.2,1.2,0,11,3.3,3.3,0.02,12,9.3,9.4,0.05,9,10.3,10.4,0.05,7,17.7,17.7,0.09,10,61.3,61.3,0.31,5,7.8,7.9,0.04,13,23.7,24.1,0,
North America,535,16.6,17.7,0,0,0,0,0,0,0,0,0,0,0,0,0,0,0,0,0,0,0,0,0,2,0.2,0.2,0,8,8.8,8.8,0.04,11,5.2,5.2,0.01,19,14.1,14.1,0.04,36,20.3,20.4,0.07,54,21.9,21.9,0.12,61,46.8,47,0.25,71,71,71.8,0.34,72,86.7,87.1,0.44,69,171.6,172.2,0.85,71,105.8,106.5,0.54,35,178.5,179.2,0.89,19,100.5,101.8,0,
Asia,109,2.5,3.6,0,0,0,0,0,0,0,0,0,0,0,0,0,0,0,0,0,1,0.2,0.2,0,0,0,0,0,0,0,0,0,1,0.3,0.3,0,6,1.7,1.7,0,10,2.6,2.6,0.01,10,8,8,0.04,13,7.3,7.3,0.02,15,6.7,6.7,0.04,18,28.6,28.6,0.14,15,47,47,0.24,17,12.6,12.6,0.06,2,0,0,0,1,18.2,18.2,0,
Europe,1262,14.5,11.1,0,0,0,0,0,0,0,0,0,0,0,0,0,1,0.6,0.6,0,0,0,0,0,6,0.7,0.7,0,14,1.5,1.5,0,21,5.3,5.3,0.02,36,4.6,4.6,0,65,9.4,9.4,0.01,104,26,26,0.15,137,35.7,35.7,0.16,186,39.5,39.5,0.2,213,56.2,56.2,0.3,188,67.7,67.7,0.33,140,91.4,91.4,0.47,103,125.5,125.5,0.62,48,62.2,62.2,0,
Oceania ,26,1.7,1.5,0,0,0,0,0,0,0,0,0,0,0,0,0,0,0,0,0,0,0,0,0,1,1.5,1.5,0.01,0,0,0,0,1,0.3,0.3,0,3,3.1,3.1,0.01,1,2.8,2.8,0.01,3,4.9,4.9,0.02,0,0,0,0,5,2.4,2.4,0.01,3,16.4,16.4,0.08,1,0.9,0.9,0,5,7.6,7.6,0.04,0,0,0,0,3,13.5,13.5,0,
,,,,,,,,,,,,,,,,,,,,,,,,,,,,,,,,,,,,,,,,,,,,,,,,,,,,,,,,,,,,,,,,,,,,,,,,,,,,,
,,,,,,,,,,,,,,,,,,,,,,,,,,,,,,,,,,,,,,,,,,,,,,,,,,,,,,,,,,,,,,,,,,,,,,,,,,,,,
vol. IV,age 0-85+,,,,age 0-4,,,,age 5-9,,,,age 10-14,,,,age 15-19,,,,age 20-24,,,,age 25-29,,,,age 30-34,,,,age 35-39,,,,age 40-44,,,,age 45-49,,,,age 50-54,,,,age 55-59,,,,age 60-64,,,,age 65-69,,,,age 70-74,,,,age 75-79,,,,age 80-84,,,,age 85+,,,,
Continent,Cases,Crude Rate,ASR (W),Cumulative Rate,Cases,Crude Rate,ASR (W),Cumulative Rate,Cases,Crude Rate,ASR (W),Cumulative Rate,Cases,Crude Rate,ASR (W),Cumulative Rate,Cases,Crude Rate,ASR (W),Cumulative Rate,Cases,Crude Rate,ASR (W),Cumulative Rate,Cases,Crude Rate,ASR (W),Cumulative Rate,Cases,Crude Rate,ASR (W),Cumulative Rate,Cases,Crude Rate,ASR (W),Cumulative Rate,Cases,Crude Rate,ASR (W),Cumulative Rate,Cases,Crude Rate,ASR (W),Cumulative Rate,Cases,Crude Rate,ASR (W),Cumulative Rate,Cases,Crude Rate,ASR (W),Cumulative Rate,Cases,Crude Rate,ASR (W),Cumulative Rate,Cases,Crude Rate,ASR (W),Cumulative Rate,Cases,Crude Rate,ASR (W),Cumulative Rate,Cases,Crude Rate,ASR (W),Cumulative Rate,Cases,Crude Rate,ASR (W),Cumulative Rate,Cases,Crude Rate,ASR (W),Cumulative Rate,https://ci5.iarc.fr/CI5I-X/Pages/table2_sel.aspx
Africa,7,0.3,0.7,0,0,0,0,0,0,0,0,0,0,0,0,0,0,0,0,0,0,0,0,0,2,1.3,1.3,0.01,0,0,0,0,0,0,0,0,1,0.9,0.9,0,1,1.1,1.1,0.01,0,0,0,0,0,0,0,0,1,3.2,3.2,0.02,1,4.7,4.7,0.02,1,8.1,8.1,0.04,0,0,0,0,0,0,0,0,0,0,0,0,
South America,132,1.4,1.9,0,0,0,0,0,0,0,0,0,0,0,0,0,1,0.3,0.4,0,0,0,0,0,0,0,0,0,2,0.5,0.5,0,2,0.1,0.1,0,7,0.8,0.8,0,11,2.4,2.5,0.01,15,5.9,6.1,0.03,11,5.1,5.2,0.02,13,3.8,3.9,0.02,25,8.9,9.4,0.04,20,23.3,23.7,0.12,3,2,2,0.01,11,35.6,35.6,0.18,9,8.4,8.4,0,
North America,1190,21.2,20.2,0,0,0,0,0,0,0,0,0,1,0.2,0.2,0,0,0,0,0,0,0,0,0,7,1.2,1.2,0,8,5.6,5.6,0.03,14,3.8,3.8,0.01,53,24.7,24.7,0.1,69,20.2,20.2,0.09,113,30.4,30.5,0.17,134,55.6,55.7,0.27,173,60.4,60.4,0.3,178,107.3,107.6,0.51,163,150.1,150.3,0.77,159,140.9,141.1,0.7,83,240.8,241.1,1.2,63,300.1,300.3,0,
Asia,203,3.5,4.2,0,0,0,0,0,0,0,0,0,0,0,0,0,0,0,0,0,0,0,0,0,1,0.2,0.2,0,3,1.9,1.9,0.01,6,1.4,1.4,0,16,7.9,7.9,0.03,18,4.2,4.3,0.01,21,7.2,7.2,0.04,26,15,15,0.07,22,10.1,10.1,0.05,22,10.1,10.1,0.05,29,35.4,35.7,0.17,29,15.3,15.6,0.08,4,20.3,20.3,0.11,0,0,0,0,
Europe,1338,24.8,19.1,0,2,0.7,0.8,0,0,0,0,0,0,0,0,0,3,1.1,1.1,0,5,0.3,0.3,0,8,2.1,2.1,0,10,4.2,4.2,0.02,20,6.6,6.6,0.02,37,10,10.1,0.03,66,21.4,21.5,0.07,86,28.1,28.1,0.09,96,38.9,38.9,0.17,192,74.9,75.1,0.37,235,115.9,115.9,0.58,230,150,150.5,0.74,197,172.5,173.1,0.85,97,176.1,176.1,0.88,53,208.7,208.7,0,
Oceania,143,3.8,4.9,0,0,0,0,0,0,0,0,0,0,0,0,0,1,0.1,0.1,0,0,0,0,0,0,0,0,0,0,0,0,0,2,0.3,0.3,0,3,0.6,0.6,0,18,7.8,7.8,0.04,13,2.2,2.2,0.01,18,6.7,6.7,0.03,22,13.5,13.5,0.06,19,27.6,27.6,0.13,18,56.1,56.1,0.28,16,30.6,30.6,0.15,7,127.7,127.7,0.64,6,16.1,16.1,0,
,,,,,,,,,,,,,,,,,,,,,,,,,,,,,,,,,,,,,,,,,,,,,,,,,,,,,,,,,,,,,,,,,,,,,,,,,,,,,
,,,,,,,,,,,,,,,,,,,,,,,,,,,,,,,,,,,,,,,,,,,,,,,,,,,,,,,,,,,,,,,,,,,,,,,,,,,,,
vol. V,age 0-85+,,,,age 0-4,,,,age 5-9,,,,age 10-14,,,,age 15-19,,,,age 20-24,,,,age 25-29,,,,age 30-34,,,,age 35-39,,,,age 40-44,,,,age 45-49,,,,age 50-54,,,,age 55-59,,,,age 60-64,,,,age 65-69,,,,age 70-74,,,,age 75-79,,,,age 80-84,,,,age 85+,,,,
Continent,Cases,Crude Rate,ASR (W),Cumulative Rate,Cases,Crude Rate,ASR (W),Cumulative Rate,Cases,Crude Rate,ASR (W),Cumulative Rate,Cases,Crude Rate,ASR (W),Cumulative Rate,Cases,Crude Rate,ASR (W),Cumulative Rate,Cases,Crude Rate,ASR (W),Cumulative Rate,Cases,Crude Rate,ASR (W),Cumulative Rate,Cases,Crude Rate,ASR (W),Cumulative Rate,Cases,Crude Rate,ASR (W),Cumulative Rate,Cases,Crude Rate,ASR (W),Cumulative Rate,Cases,Crude Rate,ASR (W),Cumulative Rate,Cases,Crude Rate,ASR (W),Cumulative Rate,Cases,Crude Rate,ASR (W),Cumulative Rate,Cases,Crude Rate,ASR (W),Cumulative Rate,Cases,Crude Rate,ASR (W),Cumulative Rate,Cases,Crude Rate,ASR (W),Cumulative Rate,Cases,Crude Rate,ASR (W),Cumulative Rate,Cases,Crude Rate,ASR (W),Cumulative Rate,Cases,Crude Rate,ASR (W),Cumulative Rate,https://ci5.iarc.fr/CI5I-X/Pages/table2_sel.aspx
South America,75,4,6.5,0,0,0,0,0,0,0,0,0,0,0,0,0,0,0,0,0,0,0,0,0,0,0,0,0,2,0.9,0.9,0,6,3.3,3.7,0.02,2,4.4,5.5,0.02,3,2.2,2.4,0.01,0,0,0,0,7,11.6,12,0.06,9,19.8,23.4,0.11,10,30.1,34.3,0.16,8,30.3,35.4,0.18,6,39.9,49.4,0.25,7,48.4,48.4,0.24,2,4.2,4.2,0,
North America,1381,19.1,17.4,0,0,0,0,0,0,0,0,0,0,0,0,0,0,0,0,0,1,0,0,0,1,0,0,0,13,0.8,0.8,0,19,4.6,4.6,0.02,44,14.5,14.5,0.06,77,24.4,24.4,0.12,100,32.7,32.7,0.16,153,72.3,72.3,0.37,185,50.6,50.6,0.23,215,60.9,60.9,0.31,186,132.8,132.8,0.66,165,142.6,142.6,0.71,121,225,225,1.12,99,142.5,142.6,0,
Asia,274,4.6,7.3,0,0,0,0,0,1,0.2,0.2,0,0,0,0,0,0,0,0,0,3,0.2,0.2,0,1,0.1,0.1,0,6,0.6,0.6,0,3,0.7,0.7,0,16,5.3,5.3,0.02,17,5.1,5.1,0.02,25,11,11,0.06,25,16.9,16.9,0.09,38,23.3,23.3,0.11,43,36.3,36.3,0.2,38,48.2,48.2,0.25,33,61.7,61.7,0.31,15,229.9,229.9,1.15,10,70.8,70.8,0,
Europe,2092,30.2,21.9,0,0,0,0,0,1,0,0,0,0,0,0,0,2,0,0,0,2,0.1,0.1,0,5,0.4,0.4,0,15,2.1,2.1,0,33,8.8,8.8,0.02,46,13.6,14,0.04,83,21,21,0.08,133,34.7,35.2,0.15,185,49.2,49.2,0.26,245,74.2,74.7,0.38,348,116.1,116.4,0.57,380,210.1,211.2,1.05,297,187.7,189.8,0.93,211,308.9,312.8,1.58,104,162.1,162.1,0,
Oceania ,218,8.8,8.7,0,0,0,0,0,0,0,0,0,0,0,0,0,0,0,0,0,0,0,0,0,0,0,0,0,3,0.8,0.8,0,7,5.2,5.2,0.02,7,6.3,6.3,0.02,14,9.9,9.9,0.04,24,7.6,7.6,0.04,28,15.9,15.9,0.08,28,41.5,41.5,0.21,33,68.1,68.1,0.34,24,31.9,31.9,0.16,24,50.6,50.6,0.25,16,133.6,133.6,0.67,10,132.9,132.9,0,
,,,,,,,,,,,,,,,,,,,,,,,,,,,,,,,,,,,,,,,,,,,,,,,,,,,,,,,,,,,,,,,,,,,,,,,,,,,,,
,,,,,,,,,,,,,,,,,,,,,,,,,,,,,,,,,,,,,,,,,,,,,,,,,,,,,,,,,,,,,,,,,,,,,,,,,,,,,
vol. VI,age 0-85+,,,,age 0-4,,,,age 5-9,,,,age 10-14,,,,age 15-19,,,,age 20-24,,,,age 25-29,,,,age 30-34,,,,age 35-39,,,,age 40-44,,,,age 45-49,,,,age 50-54,,,,age 55-59,,,,age 60-64,,,,age 65-69,,,,age 70-74,,,,age 75-79,,,,age 80-84,,,,age 85+,,,,
Continent,Cases,Crude Rate,ASR (W),Cumulative Rate,Cases,Crude Rate,ASR (W),Cumulative Rate,Cases,Crude Rate,ASR (W),Cumulative Rate,Cases,Crude Rate,ASR (W),Cumulative Rate,Cases,Crude Rate,ASR (W),Cumulative Rate,Cases,Crude Rate,ASR (W),Cumulative Rate,Cases,Crude Rate,ASR (W),Cumulative Rate,Cases,Crude Rate,ASR (W),Cumulative Rate,Cases,Crude Rate,ASR (W),Cumulative Rate,Cases,Crude Rate,ASR (W),Cumulative Rate,Cases,Crude Rate,ASR (W),Cumulative Rate,Cases,Crude Rate,ASR (W),Cumulative Rate,Cases,Crude Rate,ASR (W),Cumulative Rate,Cases,Crude Rate,ASR (W),Cumulative Rate,Cases,Crude Rate,ASR (W),Cumulative Rate,Cases,Crude Rate,ASR (W),Cumulative Rate,Cases,Crude Rate,ASR (W),Cumulative Rate,Cases,Crude Rate,ASR (W),Cumulative Rate,Cases,Crude Rate,ASR (W),Cumulative Rate,https://ci5.iarc.fr/CI5I-X/Pages/table2_sel.aspx
Africa,11,0.7,1.6,0,0,0,0,0,0,0,0,0,0,0,0,0,0,0,0,0,0,0,0,0,0,0,0,0,0,0,0,0,2,3.1,3.1,0.02,0,0,0,0,0,0,0,0,2,5.9,5.9,0.03,1,2.4,2.4,0.01,1,0,0,0,3,11,11,0.05,0,0,0,0,1,0,0,0,1,0,0,0,0,0,0,0,
South America,65,1.9,2.5,0,0,0,0,0,0,0,0,0,1,0.2,0.2,0,0,0,0,0,0,0,0,0,1,0.7,0.7,0,1,0.3,0.3,0,3,3.3,3.3,0.02,2,0.6,0.7,0,7,5.7,5.7,0.03,3,1.8,1.8,0,2,0.6,0.6,0,6,4.9,5.1,0.03,15,23,23.1,0.12,8,7.8,7.8,0.04,7,14.1,14.2,0.08,3,65.3,65.3,0.33,5,20.5,20.8,0,
North America,1508,17.9,15.9,0,0,0,0,0,0,0,0,0,0,0,0,0,1,0,0,0,3,0,0,0,4,0.5,0.5,0,13,2.1,2.1,0.01,11,3.1,3.1,0.01,50,14.5,14.5,0.05,71,21.1,21.1,0.07,102,26,26,0.13,181,51.4,51.5,0.23,213,50.6,50.6,0.22,246,93.2,93.2,0.46,219,86.2,86.2,0.44,187,124.8,124.9,0.61,118,372.6,372.7,1.86,87,127.3,127.4,0,
Asia,547,10.6,11.6,0,1,0.1,0.1,0,0,0,0,0,0,0,0,0,3,0.4,0.4,0,1,0.1,0.1,0,4,0.5,0.5,0,14,2.9,2.9,0,15,2.8,2.8,0,26,10.8,10.8,0.04,23,7.7,7.7,0.02,34,9.5,9.6,0.02,68,25.9,26,0.14,78,35.1,35.2,0.19,82,72.5,72.6,0.38,81,105.3,109.1,0.56,58,25.2,25.3,0.14,41,13.1,13.2,0.06,14,179.6,179.8,0,
Europe,2931,49.2,34.2,0,0,0,0,0,0,0,0,0,1,0.4,0.4,0,3,0,0,0,3,0.2,0.2,0,6,2.2,2.2,0,16,2,2,0,45,9,9,0.02,85,30.5,30.5,0.12,120,33.3,33.3,0.12,211,61.7,61.7,0.26,276,80.5,80.5,0.45,385,134.1,134.1,0.68,412,170.6,170.6,0.84,497,242.2,242.2,1.21,453,276.9,276.9,1.4,258,394,394,1.96,160,336.8,336.8,0,
Oceania ,261,5.3,4.5,0,0,0,0,0,0,0,0,0,1,0.1,0.1,0,0,0,0,0,0,0,0,0,1,0.1,0.1,0,2,0.7,0.7,0,7,1,1,0,5,0.7,0.7,0,15,3,3,0,19,8.4,8.4,0.04,37,25.9,25.9,0.13,33,13.4,13.4,0.07,46,26.9,26.9,0.14,33,34.6,34.6,0.18,30,35.9,35.9,0.19,28,55.7,55.7,0.3,4,12.2,12.2,0,
,,,,,,,,,,,,,,,,,,,,,,,,,,,,,,,,,,,,,,,,,,,,,,,,,,,,,,,,,,,,,,,,,,,,,,,,,,,,,
,,,,,,,,,,,,,,,,,,,,,,,,,,,,,,,,,,,,,,,,,,,,,,,,,,,,,,,,,,,,,,,,,,,,,,,,,,,,,
vol. VII,age 0-85+,,,,age 0-4,,,,age 5-9,,,,age 10-14,,,,age 15-19,,,,age 20-24,,,,age 25-29,,,,age 30-34,,,,age 35-39,,,,age 40-44,,,,age 45-49,,,,age 50-54,,,,age 55-59,,,,age 60-64,,,,age 65-69,,,,age 70-74,,,,age 75-79,,,,age 80-84,,,,age 85+,,,,
Continent,Cases,Crude Rate,ASR (W),Cumulative Rate,Cases,Crude Rate,ASR (W),Cumulative Rate,Cases,Crude Rate,ASR (W),Cumulative Rate,Cases,Crude Rate,ASR (W),Cumulative Rate,Cases,Crude Rate,ASR (W),Cumulative Rate,Cases,Crude Rate,ASR (W),Cumulative Rate,Cases,Crude Rate,ASR (W),Cumulative Rate,Cases,Crude Rate,ASR (W),Cumulative Rate,Cases,Crude Rate,ASR (W),Cumulative Rate,Cases,Crude Rate,ASR (W),Cumulative Rate,Cases,Crude Rate,ASR (W),Cumulative Rate,Cases,Crude Rate,ASR (W),Cumulative Rate,Cases,Crude Rate,ASR (W),Cumulative Rate,Cases,Crude Rate,ASR (W),Cumulative Rate,Cases,Crude Rate,ASR (W),Cumulative Rate,Cases,Crude Rate,ASR (W),Cumulative Rate,Cases,Crude Rate,ASR (W),Cumulative Rate,Cases,Crude Rate,ASR (W),Cumulative Rate,Cases,Crude Rate,ASR (W),Cumulative Rate,https://ci5.iarc.fr/CI5I-X/Pages/table2_sel.aspx
Africa,21,1.3,3.2,0,0,0,0,0,0,0,0,0,0,0,0,0,0,0,0,0,0,0,0,0,0,0,0,0,1,0.8,1,0,0,0,0,0,1,1.2,1.2,0.01,2,4.5,5.1,0.03,3,6.1,6.1,0.03,5,21.1,24,0.12,3,17.5,19.3,0.09,2,5.8,5.8,0.03,1,0,0,0,1,0,0,0,1,0,0,0,0,0,0,0,
South America,90,3.2,4.1,0,0,0,0,0,0,0,0,0,0,0,0,0,0,0,0,0,0,0,0,0,1,0.4,0.4,0,0,0,0,0,0,0,0,0,5,2.2,2.2,0,3,2.8,3,0.02,11,16.4,16.7,0.08,13,12.6,12.9,0.07,11,10.2,10.6,0.05,7,7.6,8.1,0.04,15,44.6,46.1,0.23,11,21.6,21.6,0.11,6,35,36.6,0.18,5,16.9,19.2,0,
North America,1216,21.5,20.5,0,0,0,0,0,0,0,0,0,0,0,0,0,0,0,0,0,2,0,0,0,2,0,0,0,7,0.4,0.4,0,21,13.6,13.6,0.06,34,9.3,9.3,0.03,46,10.5,10.5,0.05,75,32.2,32.2,0.17,119,64.7,64.7,0.33,153,76.6,76.6,0.4,216,139.3,139.3,0.67,197,170.1,170.1,0.82,158,106.8,106.8,0.52,119,273.6,273.6,1.38,66,219.5,219.5,0,
Asia,581,7.8,8.5,0,0,0,0,0,0,0,0,0,1,0.1,0.1,0,2,0.2,0.2,0,2,0.5,0.5,0,4,0.9,0.9,0,9,0.7,0.7,0,21,4.5,4.5,0.01,25,5.1,5.1,0.02,42,8.2,8.2,0.03,50,12,12,0.06,70,21.4,21.4,0.11,82,25,25,0.11,81,65.1,65.1,0.31,77,72.3,72.3,0.36,55,41,41,0.2,39,20.1,20.1,0.1,21,26,26,0,
Europe,2487,53.4,34.7,0,0,0,0,0,0,0,0,0,0,0,0,0,1,0,0,0,6,0.5,0.5,0,4,0.6,0.6,0,21,10,10,0.02,33,7.9,7.9,0.03,64,12.2,12.2,0.04,124,43.3,43.3,0.22,180,63.7,63.7,0.34,256,90.9,90.9,0.47,328,138,138,0.7,393,199,199,0.95,342,234,234,1.17,360,341.2,341.2,1.72,253,374,374,1.9,122,332.2,332.2,0,
Oceania ,363,9.4,8.4,0,0,0,0,0,0,0,0,0,1,0.4,0.4,0,1,0.2,0.2,0,1,0.2,0.2,0,5,2.1,2.1,0.01,5,3.2,3.2,0.01,7,3.1,3.1,0.01,11,7.6,7.6,0.04,13,12.6,12.6,0.05,20,14.7,14.7,0.08,31,24.9,24.9,0.12,49,39.1,39.1,0.18,65,46.5,46.5,0.23,52,33.5,33.5,0.17,52,46.5,46.5,0.24,35,85.3,85.3,0.43,15,65.1,65.1,0,
,,,,,,,,,,,,,,,,,,,,,,,,,,,,,,,,,,,,,,,,,,,,,,,,,,,,,,,,,,,,,,,,,,,,,,,,,,,,,
,,,,,,,,,,,,,,,,,,,,,,,,,,,,,,,,,,,,,,,,,,,,,,,,,,,,,,,,,,,,,,,,,,,,,,,,,,,,,
vol. VIII,age 0-85+,,,,age 0-4,,,,age 5-9,,,,age 10-14,,,,age 15-19,,,,age 20-24,,,,age 25-29,,,,age 30-34,,,,age 35-39,,,,age 40-44,,,,age 45-49,,,,age 50-54,,,,age 55-59,,,,age 60-64,,,,age 65-69,,,,age 70-74,,,,age 75-79,,,,age 80-84,,,,age 85+,,,,
Continent,Cases,Crude Rate,ASR (W),Cumulative Rate,Cases,Crude Rate,ASR (W),Cumulative Rate,Cases,Crude Rate,ASR (W),Cumulative Rate,Cases,Crude Rate,ASR (W),Cumulative Rate,Cases,Crude Rate,ASR (W),Cumulative Rate,Cases,Crude Rate,ASR (W),Cumulative Rate,Cases,Crude Rate,ASR (W),Cumulative Rate,Cases,Crude Rate,ASR (W),Cumulative Rate,Cases,Crude Rate,ASR (W),Cumulative Rate,Cases,Crude Rate,ASR (W),Cumulative Rate,Cases,Crude Rate,ASR (W),Cumulative Rate,Cases,Crude Rate,ASR (W),Cumulative Rate,Cases,Crude Rate,ASR (W),Cumulative Rate,Cases,Crude Rate,ASR (W),Cumulative Rate,Cases,Crude Rate,ASR (W),Cumulative Rate,Cases,Crude Rate,ASR (W),Cumulative Rate,Cases,Crude Rate,ASR (W),Cumulative Rate,Cases,Crude Rate,ASR (W),Cumulative Rate,Cases,Crude Rate,ASR (W),Cumulative Rate,https://ci5.iarc.fr/CI5I-X/Pages/table2_sel.aspx
Africa,51,2.3,4.3,0,0,0,0,0,0,0,0,0,0,0,0,0,0,0,0,0,1,0.3,0.3,0,1,0.3,0.3,0,2,1.3,1.3,0.01,3,1.3,1.3,0,2,2.2,2.2,0.01,6,10,10.1,0.05,6,8.9,9,0.05,6,12.8,12.9,0.07,7,11.6,11.8,0.06,4,19.1,19.1,0.1,5,26,26.2,0.13,6,17.4,17.4,0.09,0,0,0,0,1,0,0,0,
South America,100,5.1,5.1,0,0,0,0,0,0,0,0,0,0,0,0,0,2,1.8,1.8,0.01,0,0,0,0,0,0,0,0,1,0.7,0.9,0,3,4.2,4.2,0.02,4,2.3,2.3,0,8,6,6,0.03,10,14.7,14.7,0.07,12,14.1,14.5,0.07,12,20.1,20.6,0.09,8,14.4,14.4,0.08,14,34.5,34.5,0.16,14,36,36.9,0.19,4,14.9,14.9,0.08,7,45.3,45.3,0,
North America,2192,29.6,25.5,0,0,0,0,0,0,0,0,0,1,0.2,0.2,0,0,0,0,0,3,0.8,0.8,0,6,6.7,6.7,0.03,22,8.3,8.3,0.03,38,11.9,11.9,0.04,65,9.7,9.7,0.04,113,32.1,32.1,0.16,156,45,45,0.24,208,54.3,54.3,0.26,273,101.8,101.8,0.5,339,121.3,121.3,0.6,349,196.1,196.1,0.96,304,174,174,0.87,186,243.1,243.1,1.21,129,372.4,372.4,0,
Asia,1003,13.5,17,0,0,0,0,0,3,0.6,0.6,0,1,0.4,0.4,0,2,0.6,0.6,0,4,0.8,0.8,0,8,0.8,0.8,0,10,1.4,1.4,0,43,7.9,7.9,0.01,80,17.4,17.6,0.05,85,33.6,33.7,0.15,94,33.2,33.2,0.12,116,54.1,54.4,0.25,129,57.8,58.1,0.28,135,79,79.3,0.41,113,59.4,59.7,0.28,82,61.7,61.7,0.31,62,50,50,0.23,33,227.2,227.2,0,
Europe,3678,75.9,49.2,0,1,0.1,0.1,0,0,0,0,0,0,0,0,0,2,7.2,7.2,0.04,4,0.6,0.6,0,8,1.7,1.7,0,24,4.9,4.9,0.01,50,13.4,13.4,0.06,116,43.1,43.1,0.18,171,60.8,61,0.25,259,81,81.2,0.44,331,125.2,125.6,0.64,436,170.5,170.8,0.83,585,272.2,272.6,1.38,616,367.5,367.9,1.85,462,371,371.4,1.85,343,459.8,459.9,2.3,266,613.7,615,0,
Oceania ,436,11.3,8.8,0,0,0,0,0,1,0.1,0.1,0,0,0,0,0,0,0,0,0,2,0.2,0.2,0,1,0.1,0.1,0,2,0.3,0.3,0,8,2.8,2.8,0.01,16,7.4,7.4,0.03,24,6.3,6.3,0.03,32,26.2,26.2,0.12,39,30.5,30.5,0.17,53,31.8,31.8,0.15,69,40.7,40.7,0.2,62,38.8,38.8,0.19,53,106.9,106.9,0.54,45,55,55,0.28,29,64.9,64.9,0,
,,,,,,,,,,,,,,,,,,,,,,,,,,,,,,,,,,,,,,,,,,,,,,,,,,,,,,,,,,,,,,,,,,,,,,,,,,,,,
,,,,,,,,,,,,,,,,,,,,,,,,,,,,,,,,,,,,,,,,,,,,,,,,,,,,,,,,,,,,,,,,,,,,,,,,,,,,,
vol. IX,age 0-85+,,,,age 0-4,,,,age 5-9,,,,age 10-14,,,,age 15-19,,,,age 20-24,,,,age 25-29,,,,age 30-34,,,,age 35-39,,,,age 40-44,,,,age 45-49,,,,age 50-54,,,,age 55-59,,,,age 60-64,,,,age 65-69,,,,age 70-74,,,,age 75-79,,,,age 80-84,,,,age 85+,,,,
Continent,Cases,Crude Rate,ASR (W),Cumulative Rate,Cases,Crude Rate,ASR (W),Cumulative Rate,Cases,Crude Rate,ASR (W),Cumulative Rate,Cases,Crude Rate,ASR (W),Cumulative Rate,Cases,Crude Rate,ASR (W),Cumulative Rate,Cases,Crude Rate,ASR (W),Cumulative Rate,Cases,Crude Rate,ASR (W),Cumulative Rate,Cases,Crude Rate,ASR (W),Cumulative Rate,Cases,Crude Rate,ASR (W),Cumulative Rate,Cases,Crude Rate,ASR (W),Cumulative Rate,Cases,Crude Rate,ASR (W),Cumulative Rate,Cases,Crude Rate,ASR (W),Cumulative Rate,Cases,Crude Rate,ASR (W),Cumulative Rate,Cases,Crude Rate,ASR (W),Cumulative Rate,Cases,Crude Rate,ASR (W),Cumulative Rate,Cases,Crude Rate,ASR (W),Cumulative Rate,Cases,Crude Rate,ASR (W),Cumulative Rate,Cases,Crude Rate,ASR (W),Cumulative Rate,Cases,Crude Rate,ASR (W),Cumulative Rate,https://ci5.iarc.fr/CI5I-X/Pages/table2_sel.aspx
Africa,75,2,4.3,0,0,0,0,0,0,0,0,0,0,0,0,0,0,0,0,0,0,0,0,0,1,0.2,0.2,0,1,0.3,0.3,0,3,1.5,1.5,0.01,6,4.1,4.1,0.02,7,3.6,3.6,0.03,11,12.9,12.9,0.06,12,15.2,15.2,0.08,10,14.5,14.5,0.07,8,23.8,23.8,0.12,5,0,0,0,6,0,0,0,3,0,0,0,2,0,0,0,
South America,311,6.3,6.4,0,1,0.1,0.1,0,0,0,0,0,0,0,0,0,0,0,0,0,0,0,0,0,2,0.1,0.1,0,9,0.7,0.8,0,12,3.2,3.2,0.01,18,7.4,7.6,0.02,24,10,10.1,0.05,27,9.6,9.9,0.03,28,20.7,21,0.1,37,19.7,20.7,0.11,38,29.6,30.6,0.15,39,45.8,46.9,0.22,29,34.9,35.7,0.18,24,39.2,39.7,0.19,9,49.6,50.2,0,
North America,7675,45.7,33.4,0,0,0,0,0,2,0,0,0,0,0,0,0,2,0,0,0,2,0,0,0,12,0.8,0.8,0,52,3.8,3.8,0,129,9.4,9.4,0.01,249,15.9,15.9,0.05,465,35.6,35.6,0.16,658,66.6,66.6,0.36,838,109,109,0.53,854,131.5,131.5,0.63,991,179.9,179.9,0.9,1127,253.9,253.9,1.26,1007,279.6,279.6,1.41,733,298.7,298.7,1.49,550,330.8,330.8,0,
Asia,1434,14.7,16.4,0,1,0,0,0,1,0.2,0.2,0,0,0,0,0,0,0,0,0,10,1.2,1.3,0,12,1.7,1.7,0,32,3.7,3.8,0,40,4.6,4.6,0.01,97,15.6,15.7,0.04,119,20.7,20.8,0.09,144,39.3,39.3,0.18,144,47.5,47.6,0.22,195,66.7,67.1,0.3,200,80.2,80.4,0.39,155,86,86.5,0.45,138,57,57.3,0.28,75,35.8,35.8,0.18,64,65.5,65.5,0,
Europe,5623,108.3,63.5,0,1,0.1,0.1,0,0,0,0,0,0,0,0,0,1,0.1,0.1,0,5,2.3,2.3,0.01,7,2.5,2.5,0.01,30,5.2,5.2,0,60,14.9,14.9,0.03,150,46.2,46.2,0.17,259,75.3,75.4,0.29,443,117.1,117.1,0.58,541,167,167.2,0.85,710,252.3,252.5,1.26,827,355.6,356.1,1.77,871,415.3,415.6,2.05,850,607.7,607.8,3.04,465,550.6,550.6,2.76,399,686.2,686.2,0,
Oceania ,438,7.7,6.5,0,0,0,0,0,0,0,0,0,0,0,0,0,0,0,0,0,1,0.1,0.1,0,1,0.1,0.1,0,4,0.7,0.7,0,9,1,1,0,14,2,2,0,19,9,9,0.03,21,6.1,6.1,0.02,47,15.3,15.3,0.08,54,25.4,25.4,0.14,58,43.8,43.8,0.21,77,69.4,69.4,0.34,61,64.3,64.3,0.33,46,44.9,44.9,0.23,26,38.5,38.5,0,
,,,,,,,,,,,,,,,,,,,,,,,,,,,,,,,,,,,,,,,,,,,,,,,,,,,,,,,,,,,,,,,,,,,,,,,,,,,,,
,,,,,,,,,,,,,,,,,,,,,,,,,,,,,,,,,,,,,,,,,,,,,,,,,,,,,,,,,,,,,,,,,,,,,,,,,,,,,
vol. X,age 0-85+,,,,age 0-4,,,,age 5-9,,,,age 10-14,,,,age 15-19,,,,age 20-24,,,,age 25-29,,,,age 30-34,,,,age 35-39,,,,age 40-44,,,,age 45-49,,,,age 50-54,,,,age 55-59,,,,age 60-64,,,,age 65-69,,,,age 70-74,,,,age 75-79,,,,age 80-84,,,,age 85+,,,,
Continent,Cases,Crude Rate,ASR (W),Cumulative Rate,Cases,Crude Rate,ASR (W),Cumulative Rate,Cases,Crude Rate,ASR (W),Cumulative Rate,Cases,Crude Rate,ASR (W),Cumulative Rate,Cases,Crude Rate,ASR (W),Cumulative Rate,Cases,Crude Rate,ASR (W),Cumulative Rate,Cases,Crude Rate,ASR (W),Cumulative Rate,Cases,Crude Rate,ASR (W),Cumulative Rate,Cases,Crude Rate,ASR (W),Cumulative Rate,Cases,Crude Rate,ASR (W),Cumulative Rate,Cases,Crude Rate,ASR (W),Cumulative Rate,Cases,Crude Rate,ASR (W),Cumulative Rate,Cases,Crude Rate,ASR (W),Cumulative Rate,Cases,Crude Rate,ASR (W),Cumulative Rate,Cases,Crude Rate,ASR (W),Cumulative Rate,Cases,Crude Rate,ASR (W),Cumulative Rate,Cases,Crude Rate,ASR (W),Cumulative Rate,Cases,Crude Rate,ASR (W),Cumulative Rate,Cases,Crude Rate,ASR (W),Cumulative Rate,https://ci5.iarc.fr/CI5I-X/Pages/table2_sel.aspx
Africa,185,3.9,8,0,0,0,0,0,0,0,0,0,0,0,0,0,1,0.2,0.2,0,0,0,0,0,3,1.1,1.1,0,2,0.7,0.7,0,4,1.4,1.4,0,20,9.5,9.5,0.04,14,7.8,7.8,0.03,28,22.4,22.4,0.11,23,18.9,18.9,0.11,27,41.4,41.4,0.21,17,32.8,32.8,0.18,22,34.1,34.1,0.18,13,0,0,0,8,0,0,0,3,0,0,0,
South America,796,15.4,14.8,0,0,0,0,0,0,0,0,0,0,0,0,0,3,0.2,0.2,0,10,0.7,0.7,0,8,4.2,4.5,0.02,10,3.1,3.1,0.01,19,2.4,2.4,0,40,8.6,8.7,0.03,47,17.2,17.8,0.09,62,21.3,21.9,0.11,87,42.5,44.1,0.2,92,57.4,58.8,0.29,79,63.4,64.7,0.33,104,82.8,84.3,0.42,86,133.1,135.1,0.66,76,156.7,161.9,0.84,39,105.1,106.1,0,
North America,9100,55.5,37.7,0,2,0.1,0.1,0,0,0,0,0,0,0,0,0,1,0,0,0,7,0.3,0.3,0,24,2.6,2.6,0,63,5.6,5.6,0,109,8.4,8.4,0.02,291,21,21,0.04,515,39.6,39.6,0.14,727,69.7,69.7,0.37,972,104.1,104.1,0.49,1108,149.9,149.9,0.73,1242,232.5,232.5,1.14,1182,267.3,267.3,1.34,1188,298.6,298.6,1.48,968,388.3,388.3,1.94,700,401.2,401.2,0,
Asia,2207,24.1,23.8,0,0,0,0,0,1,0.1,0.1,0,0,0,0,0,3,0.3,0.3,0,9,1.4,1.4,0,13,2.7,2.7,0.01,45,5.2,5.3,0.01,76,9.5,9.5,0.02,133,16.2,16.2,0.05,168,31.2,31.3,0.14,253,60.7,60.9,0.33,251,69.8,69.9,0.35,278,88.6,88.9,0.46,254,112.3,112.6,0.55,278,166.8,167.1,0.84,198,92.2,92.4,0.47,141,97.9,97.9,0.5,98,66.4,66.4,0,
Europe,7664,136.4,75.5,0,0,0,0,0,0,0,0,0,1,0.1,0.1,0,0,0,0,0,7,1.1,1.1,0,17,3,3,0.01,39,5.4,5.4,0.01,91,22.6,22.6,0.08,223,45.8,45.8,0.15,337,75.8,75.8,0.31,509,129.4,129.4,0.63,762,205.3,205.3,1.03,1024,341.7,341.7,1.69,1155,414.8,414.8,2.06,1204,546.9,546.9,2.68,1091,659.6,659.6,3.35,718,686,686,3.42,486,861.7,861.7,0,
Oceania ,619,9.1,5.9,0,0,0,0,0,0,0,0,0,0,0,0,0,1,0.1,0.1,0,2,1.6,1.6,0.01,0,0,0,0,5,1.2,1.2,0,6,0.7,0.7,0,18,3.4,3.4,0.01,23,9.2,9.2,0.04,42,8,8,0.04,71,16.7,16.7,0.09,67,19.6,19.6,0.1,87,31.7,31.7,0.17,91,45.3,45.3,0.24,99,62,62,0.31,64,63.1,63.1,0.32,43,49,49,0,
